0.00E+00,0.00E+00,0.00E+00,0.00E+00,0.00E+00,0.00E+00,0.00E+00,0.00E+00,0.00E+00,0.00E+00,0.00E+00
9.44E-02,9.40E-01,3.69E-04,9.40E-01,5.88E-04,9.40E-01,5.00E-04,9.39E-01,2.38E-04,9.40E-01,2.01E-04
1.89E-01,8.54E-01,8.73E-04,8.53E-01,1.49E-03,8.53E-01,1.08E-03,8.51E-01,7.08E-04,8.53E-01,5.98E-04
2.83E-01,7.72E-01,1.26E-03,7.70E-01,2.28E-03,7.70E-01,1.67E-03,7.67E-01,9.26E-04,7.70E-01,9.54E-04
3.78E-01,6.84E-01,1.76E-03,6.81E-01,2.98E-03,6.82E-01,2.25E-03,6.77E-01,9.39E-04,6.81E-01,1.23E-03
4.72E-01,6.12E-01,2.18E-03,6.08E-01,3.45E-03,6.09E-01,2.62E-03,6.03E-01,9.28E-04,6.08E-01,1.38E-03
5.66E-01,5.43E-01,2.66E-03,5.39E-01,3.86E-03,5.40E-01,2.83E-03,5.34E-01,1.14E-03,5.39E-01,1.53E-03
6.61E-01,4.74E-01,3.15E-03,4.70E-01,4.29E-03,4.71E-01,2.94E-03,4.64E-01,1.71E-03,4.70E-01,1.73E-03
7.55E-01,4.15E-01,3.50E-03,4.10E-01,4.62E-03,4.11E-01,2.94E-03,4.05E-01,2.40E-03,4.11E-01,1.97E-03
8.50E-01,3.58E-01,4.08E-03,3.52E-01,4.92E-03,3.53E-01,2.97E-03,3.47E-01,3.03E-03,3.53E-01,2.20E-03
9.44E-01,3.07E-01,4.37E-03,3.01E-01,5.15E-03,3.02E-01,2.92E-03,2.97E-01,3.57E-03,3.03E-01,2.44E-03
1.04E+00,2.56E-01,4.85E-03,2.50E-01,5.42E-03,2.51E-01,2.91E-03,2.46E-01,4.17E-03,2.52E-01,2.70E-03
1.13E+00,2.10E-01,5.15E-03,2.03E-01,5.61E-03,2.04E-01,2.83E-03,2.00E-01,4.72E-03,2.05E-01,2.97E-03
1.23E+00,1.70E-01,5.30E-03,1.63E-01,5.75E-03,1.64E-01,2.72E-03,1.60E-01,5.16E-03,1.65E-01,3.20E-03
1.32E+00,1.34E-01,5.45E-03,1.26E-01,5.86E-03,1.27E-01,2.58E-03,1.24E-01,5.62E-03,1.29E-01,3.38E-03
1.42E+00,1.00E-01,5.38E-03,9.25E-02,5.90E-03,9.31E-02,2.46E-03,9.10E-02,6.06E-03,9.58E-02,3.70E-03
1.51E+00,6.92E-02,5.32E-03,6.14E-02,5.95E-03,6.16E-02,2.27E-03,6.06E-02,6.48E-03,6.48E-02,3.94E-03
1.60E+00,4.33E-02,5.17E-03,3.54E-02,5.92E-03,3.53E-02,2.05E-03,3.51E-02,6.87E-03,3.90E-02,4.30E-03
1.70E+00,2.21E-02,5.10E-03,1.41E-02,5.87E-03,1.37E-02,1.81E-03,1.43E-02,7.18E-03,1.76E-02,4.55E-03
1.79E+00,4.78E-03,5.11E-03,-3.08E-03,5.76E-03,-3.98E-03,1.60E-03,-2.39E-03,7.49E-03,1.63E-04,4.78E-03
1.89E+00,-6.94E-03,5.15E-03,-1.49E-02,5.55E-03,-1.59E-02,1.45E-03,-1.35E-02,7.71E-03,-1.15E-02,5.19E-03
1.98E+00,-1.13E-02,5.55E-03,-1.91E-02,5.17E-03,-2.04E-02,1.07E-03,-1.69E-02,7.78E-03,-1.60E-02,5.23E-03
2.08E+00,-8.12E-03,5.78E-03,-1.57E-02,4.66E-03,-1.73E-02,1.21E-03,-1.27E-02,7.81E-03,-1.25E-02,5.66E-03
2.17E+00,-2.89E-03,6.29E-03,-1.04E-02,4.09E-03,-1.22E-02,1.35E-03,-6.46E-03,7.71E-03,-7.28E-03,5.66E-03
2.27E+00,1.43E-03,6.71E-03,-6.08E-03,3.51E-03,-8.32E-03,1.75E-03,-1.40E-03,7.55E-03,-2.88E-03,5.73E-03
2.36E+00,4.40E-03,7.12E-03,-3.12E-03,3.07E-03,-5.53E-03,2.03E-03,2.23E-03,7.21E-03,1.16E-05,5.79E-03
2.45E+00,6.19E-03,7.34E-03,-1.31E-03,2.69E-03,-3.94E-03,2.20E-03,4.48E-03,6.75E-03,1.69E-03,5.87E-03
2.55E+00,7.17E-03,7.45E-03,-2.60E-04,2.22E-03,-3.28E-03,2.31E-03,5.73E-03,6.20E-03,2.54E-03,5.86E-03
2.64E+00,7.14E-03,7.80E-03,-2.95E-04,1.81E-03,-3.39E-03,2.32E-03,5.97E-03,5.62E-03,2.36E-03,5.48E-03
2.74E+00,7.29E-03,7.55E-03,-5.49E-05,1.44E-03,-3.56E-03,2.52E-03,6.15E-03,4.92E-03,2.18E-03,5.60E-03
2.83E+00,6.41E-03,7.72E-03,-9.21E-04,1.37E-03,-4.09E-03,2.49E-03,5.67E-03,4.48E-03,1.31E-03,5.15E-03
2.93E+00,5.90E-03,7.48E-03,-1.32E-03,1.33E-03,-4.68E-03,2.72E-03,5.39E-03,3.90E-03,6.57E-04,4.99E-03
3.02E+00,5.34E-03,7.46E-03,-1.75E-03,1.34E-03,-5.64E-03,2.95E-03,4.96E-03,3.25E-03,1.02E-04,4.50E-03
3.12E+00,4.25E-03,7.28E-03,-2.31E-03,1.72E-03,-5.76E-03,2.85E-03,4.49E-03,2.85E-03,-4.21E-04,4.12E-03
3.21E+00,4.17E-03,6.68E-03,-1.90E-03,2.09E-03,-6.12E-03,3.27E-03,4.43E-03,2.20E-03,-6.49E-04,3.90E-03
3.30E+00,3.42E-03,6.46E-03,-2.19E-03,2.45E-03,-6.01E-03,3.10E-03,4.33E-03,1.83E-03,-7.26E-04,3.43E-03
3.40E+00,3.35E-03,5.90E-03,-1.83E-03,2.94E-03,-6.19E-03,3.33E-03,4.43E-03,1.33E-03,-8.32E-04,3.26E-03
3.49E+00,3.13E-03,5.37E-03,-1.60E-03,3.47E-03,-6.26E-03,3.38E-03,4.42E-03,9.89E-04,-9.12E-04,3.16E-03
3.59E+00,2.53E-03,4.93E-03,-1.80E-03,3.75E-03,-5.99E-03,3.13E-03,4.63E-03,7.03E-04,-1.07E-03,3.06E-03
3.68E+00,2.54E-03,4.35E-03,-1.43E-03,4.21E-03,-5.96E-03,3.22E-03,4.80E-03,6.43E-04,-1.39E-03,3.27E-03
3.78E+00,2.04E-03,3.99E-03,-1.57E-03,4.44E-03,-5.94E-03,3.13E-03,4.47E-03,3.95E-04,-1.59E-03,3.16E-03
3.87E+00,1.92E-03,3.66E-03,-1.35E-03,4.64E-03,-5.66E-03,3.15E-03,4.53E-03,4.93E-04,-2.09E-03,3.40E-03
3.96E+00,1.42E-03,3.45E-03,-1.51E-03,4.71E-03,-5.49E-03,3.06E-03,4.31E-03,6.05E-04,-2.40E-03,3.42E-03
4.06E+00,1.25E-03,3.49E-03,-1.38E-03,4.71E-03,-5.04E-03,2.98E-03,4.42E-03,8.67E-04,-2.85E-03,3.60E-03
4.15E+00,1.16E-03,3.71E-03,-1.35E-03,4.68E-03,-4.61E-03,2.89E-03,4.37E-03,1.17E-03,-3.21E-03,3.68E-03
4.25E+00,7.40E-04,3.99E-03,-1.53E-03,4.61E-03,-4.54E-03,2.82E-03,3.61E-03,1.72E-03,-3.41E-03,3.60E-03
4.34E+00,9.08E-04,4.36E-03,-1.33E-03,4.45E-03,-3.81E-03,2.59E-03,3.80E-03,2.09E-03,-3.78E-03,3.62E-03
4.44E+00,6.56E-04,4.63E-03,-1.18E-03,4.28E-03,-3.72E-03,2.47E-03,3.43E-03,2.60E-03,-3.95E-03,3.49E-03
4.53E+00,5.69E-04,5.03E-03,-9.11E-04,4.03E-03,-3.15E-03,2.38E-03,3.23E-03,3.02E-03,-4.22E-03,3.36E-03
4.63E+00,3.75E-04,5.39E-03,-3.49E-04,3.73E-03,-2.61E-03,2.40E-03,2.55E-03,3.25E-03,-4.58E-03,3.35E-03
4.72E+00,-1.24E-04,5.36E-03,-9.78E-05,3.42E-03,-3.00E-03,2.35E-03,2.43E-03,3.58E-03,-4.59E-03,3.15E-03
4.81E+00,-1.92E-04,5.54E-03,4.76E-04,3.05E-03,-2.13E-03,2.44E-03,2.23E-03,3.97E-03,-5.18E-03,3.06E-03
4.91E+00,-7.55E-04,5.38E-03,7.24E-04,2.78E-03,-2.62E-03,2.54E-03,2.24E-03,4.17E-03,-5.17E-03,2.93E-03
5.00E+00,-1.01E-03,5.58E-03,1.62E-03,2.43E-03,-1.53E-03,2.88E-03,1.19E-03,4.15E-03,-5.82E-03,3.13E-03
5.10E+00,-1.42E-03,5.30E-03,1.86E-03,2.42E-03,-1.68E-03,3.02E-03,1.28E-03,4.35E-03,-5.85E-03,2.92E-03
5.19E+00,-1.95E-03,5.12E-03,2.41E-03,2.42E-03,-1.60E-03,3.17E-03,8.70E-04,4.07E-03,-5.89E-03,2.90E-03
5.29E+00,-2.04E-03,4.81E-03,2.98E-03,2.72E-03,-1.06E-03,3.45E-03,5.77E-04,4.24E-03,-6.16E-03,2.70E-03
5.38E+00,-2.85E-03,4.37E-03,3.39E-03,2.77E-03,-1.52E-03,3.56E-03,7.01E-04,3.53E-03,-5.73E-03,2.59E-03
5.48E+00,-2.75E-03,4.09E-03,4.19E-03,3.26E-03,-6.37E-04,3.70E-03,7.60E-05,3.29E-03,-6.01E-03,2.55E-03
5.57E+00,-3.09E-03,3.43E-03,4.28E-03,3.46E-03,-8.83E-04,3.99E-03,6.24E-04,2.99E-03,-5.83E-03,2.12E-03
5.66E+00,-3.30E-03,2.93E-03,4.64E-03,3.72E-03,-8.10E-04,3.98E-03,5.78E-04,2.52E-03,-5.58E-03,1.83E-03
5.76E+00,-3.11E-03,2.43E-03,4.68E-03,4.07E-03,-6.88E-04,4.25E-03,5.98E-04,2.30E-03,-5.59E-03,1.46E-03
5.85E+00,-3.81E-03,1.87E-03,4.87E-03,4.23E-03,-9.78E-04,4.08E-03,9.98E-04,1.60E-03,-4.92E-03,1.25E-03
5.95E+00,-3.30E-03,1.58E-03,4.76E-03,4.68E-03,-9.97E-04,4.39E-03,9.40E-04,1.42E-03,-4.98E-03,8.90E-04
6.04E+00,-3.65E-03,1.02E-03,4.29E-03,4.68E-03,-1.08E-03,4.45E-03,1.54E-03,1.06E-03,-4.45E-03,7.28E-04
6.14E+00,-3.15E-03,1.61E-03,4.35E-03,5.20E-03,-1.18E-03,4.73E-03,1.48E-03,7.66E-04,-4.45E-03,5.29E-04
6.23E+00,-3.09E-03,1.83E-03,4.05E-03,5.47E-03,-1.33E-03,4.64E-03,1.86E-03,4.48E-04,-3.99E-03,5.28E-04
6.32E+00,-2.94E-03,2.09E-03,3.23E-03,5.60E-03,-1.13E-03,4.75E-03,2.38E-03,3.58E-04,-3.72E-03,6.69E-04
6.42E+00,-2.24E-03,2.83E-03,2.99E-03,5.96E-03,-1.24E-03,4.98E-03,2.73E-03,4.36E-04,-3.52E-03,6.77E-04
6.51E+00,-2.10E-03,2.89E-03,2.25E-03,6.16E-03,-7.98E-04,4.77E-03,3.24E-03,6.61E-04,-3.15E-03,8.91E-04
6.61E+00,-1.14E-03,3.67E-03,1.88E-03,6.38E-03,-9.47E-04,5.01E-03,3.41E-03,8.73E-04,-2.90E-03,1.08E-03
6.70E+00,-6.49E-04,3.84E-03,1.43E-03,6.51E-03,-5.22E-04,4.84E-03,3.79E-03,1.17E-03,-2.58E-03,1.24E-03
6.80E+00,2.48E-06,4.34E-03,7.29E-04,6.65E-03,-3.56E-04,4.93E-03,3.93E-03,1.37E-03,-2.53E-03,1.51E-03
6.89E+00,6.31E-04,4.89E-03,2.10E-04,6.59E-03,-3.78E-04,5.07E-03,4.01E-03,1.51E-03,-2.36E-03,1.85E-03
6.99E+00,9.84E-04,4.89E-03,-1.16E-04,6.71E-03,5.32E-05,4.96E-03,4.08E-03,1.73E-03,-2.45E-03,1.83E-03
7.08E+00,1.43E-03,5.58E-03,-8.41E-04,6.49E-03,-3.06E-04,5.26E-03,3.90E-03,1.70E-03,-2.47E-03,2.30E-03
7.17E+00,1.69E-03,5.53E-03,-1.25E-03,6.40E-03,-1.36E-04,5.26E-03,3.81E-03,1.84E-03,-2.76E-03,2.23E-03
7.27E+00,2.03E-03,5.71E-03,-1.87E-03,6.08E-03,-3.37E-04,5.33E-03,3.58E-03,1.84E-03,-3.08E-03,2.48E-03
7.36E+00,2.00E-03,5.81E-03,-2.20E-03,5.69E-03,-6.56E-04,5.46E-03,3.00E-03,1.80E-03,-3.08E-03,2.75E-03
7.46E+00,2.22E-03,5.62E-03,-2.34E-03,5.55E-03,-6.49E-04,5.47E-03,2.50E-03,1.96E-03,-3.49E-03,2.58E-03
7.55E+00,2.13E-03,5.65E-03,-2.46E-03,5.15E-03,-8.81E-04,5.52E-03,2.23E-03,1.99E-03,-3.60E-03,3.05E-03
7.65E+00,2.49E-03,5.39E-03,-2.38E-03,4.91E-03,-9.59E-04,5.46E-03,1.75E-03,2.18E-03,-4.01E-03,2.84E-03
7.74E+00,2.44E-03,5.22E-03,-2.34E-03,4.54E-03,-1.16E-03,5.41E-03,1.39E-03,2.24E-03,-4.29E-03,3.15E-03
7.84E+00,2.42E-03,5.00E-03,-2.23E-03,4.11E-03,-1.39E-03,5.47E-03,6.92E-04,2.29E-03,-4.27E-03,3.23E-03
7.93E+00,2.52E-03,4.73E-03,-2.20E-03,3.87E-03,-1.58E-03,5.34E-03,2.66E-04,2.50E-03,-4.72E-03,3.23E-03
8.02E+00,2.12E-03,4.29E-03,-2.15E-03,3.62E-03,-1.78E-03,5.27E-03,-1.76E-04,2.61E-03,-4.73E-03,3.46E-03
8.12E+00,2.46E-03,4.02E-03,-2.10E-03,3.56E-03,-2.21E-03,5.19E-03,-7.78E-04,2.84E-03,-5.18E-03,3.20E-03
8.21E+00,1.79E-03,3.56E-03,-2.01E-03,3.24E-03,-2.31E-03,5.10E-03,-1.07E-03,2.91E-03,-4.95E-03,3.40E-03
8.31E+00,1.79E-03,3.17E-03,-1.90E-03,3.24E-03,-2.79E-03,5.08E-03,-1.54E-03,3.11E-03,-5.24E-03,3.40E-03
8.40E+00,1.27E-03,2.74E-03,-1.75E-03,3.12E-03,-2.85E-03,4.91E-03,-1.68E-03,3.20E-03,-5.01E-03,3.34E-03
8.50E+00,1.09E-03,2.24E-03,-1.55E-03,3.20E-03,-2.92E-03,4.73E-03,-1.88E-03,3.33E-03,-4.86E-03,3.14E-03
8.59E+00,9.40E-04,1.83E-03,-1.08E-03,3.23E-03,-3.71E-03,4.74E-03,-1.78E-03,3.36E-03,-4.91E-03,3.37E-03
8.68E+00,3.53E-04,1.41E-03,-9.93E-04,3.23E-03,-3.35E-03,4.45E-03,-1.79E-03,3.25E-03,-4.49E-03,3.14E-03
8.78E+00,5.82E-04,1.07E-03,-4.49E-04,3.27E-03,-4.11E-03,4.44E-03,-1.82E-03,3.25E-03,-4.39E-03,3.31E-03
8.87E+00,5.03E-04,1.07E-03,-3.99E-04,3.34E-03,-3.82E-03,4.14E-03,-1.66E-03,3.19E-03,-3.88E-03,3.06E-03
8.97E+00,2.85E-04,1.21E-03,-8.02E-05,3.20E-03,-3.90E-03,4.05E-03,-1.38E-03,3.06E-03,-3.77E-03,3.19E-03
9.06E+00,2.92E-04,1.34E-03,1.40E-04,3.15E-03,-4.18E-03,4.00E-03,-1.03E-03,3.02E-03,-3.46E-03,3.29E-03
9.16E+00,3.12E-04,1.68E-03,-1.87E-04,3.04E-03,-3.42E-03,3.84E-03,-6.26E-04,2.91E-03,-3.22E-03,3.08E-03
9.25E+00,4.69E-04,1.89E-03,5.20E-04,2.81E-03,-4.12E-03,3.88E-03,-2.00E-04,2.94E-03,-2.89E-03,3.39E-03
9.35E+00,3.61E-04,2.04E-03,-1.51E-04,2.58E-03,-3.49E-03,3.76E-03,2.61E-04,2.79E-03,-2.93E-03,3.21E-03
9.44E+00,1.89E-04,2.14E-03,-2.10E-04,2.39E-03,-3.69E-03,3.69E-03,8.54E-04,2.78E-03,-2.78E-03,3.36E-03
9.53E+00,2.96E-04,2.21E-03,-4.99E-04,2.00E-03,-3.62E-03,3.71E-03,1.21E-03,2.61E-03,-2.80E-03,3.22E-03
9.63E+00,2.18E-04,2.15E-03,-1.52E-03,1.83E-03,-2.79E-03,3.58E-03,1.79E-03,2.27E-03,-2.68E-03,3.26E-03
9.72E+00,2.71E-04,2.17E-03,-9.66E-04,1.53E-03,-3.52E-03,3.74E-03,2.08E-03,2.32E-03,-2.36E-03,3.14E-03
9.82E+00,2.38E-04,2.09E-03,-2.27E-03,1.28E-03,-2.80E-03,3.49E-03,2.79E-03,1.96E-03,-2.87E-03,3.15E-03
9.91E+00,3.19E-04,2.05E-03,-2.16E-03,1.10E-03,-2.74E-03,3.55E-03,2.96E-03,1.88E-03,-2.59E-03,2.96E-03
1.00E+01,1.49E-04,1.94E-03,-2.61E-03,8.24E-04,-2.04E-03,3.68E-03,3.24E-03,1.77E-03,-2.74E-03,2.70E-03
1.01E+01,9.69E-05,1.86E-03,-3.24E-03,5.36E-04,-1.71E-03,3.48E-03,3.52E-03,1.79E-03,-2.90E-03,2.65E-03
1.02E+01,-1.14E-04,1.78E-03,-3.40E-03,4.70E-04,-1.59E-03,3.42E-03,3.56E-03,1.92E-03,-2.58E-03,2.49E-03
1.03E+01,-1.76E-04,1.81E-03,-3.93E-03,4.17E-04,-1.09E-03,3.23E-03,3.71E-03,2.08E-03,-3.15E-03,2.44E-03
1.04E+01,-7.72E-04,1.57E-03,-3.64E-03,8.14E-04,-6.45E-04,3.30E-03,3.49E-03,2.17E-03,-2.62E-03,2.24E-03
1.05E+01,-1.04E-03,1.45E-03,-4.13E-03,1.06E-03,-5.46E-06,3.15E-03,3.66E-03,2.30E-03,-3.22E-03,2.20E-03
1.06E+01,-1.09E-03,1.35E-03,-4.07E-03,1.34E-03,2.49E-04,2.81E-03,3.54E-03,2.40E-03,-3.11E-03,2.16E-03
1.07E+01,-1.28E-03,1.15E-03,-4.00E-03,1.59E-03,5.81E-04,2.68E-03,3.46E-03,2.46E-03,-3.28E-03,2.08E-03
1.08E+01,-1.61E-03,8.86E-04,-4.11E-03,1.77E-03,1.22E-03,2.60E-03,3.42E-03,2.61E-03,-3.44E-03,1.99E-03
1.09E+01,-1.89E-03,6.22E-04,-3.64E-03,1.91E-03,1.23E-03,2.36E-03,3.18E-03,2.60E-03,-2.96E-03,1.77E-03
1.10E+01,-1.92E-03,5.93E-04,-3.61E-03,2.01E-03,1.89E-03,2.35E-03,3.02E-03,2.77E-03,-3.51E-03,1.81E-03
1.10E+01,-1.66E-03,8.36E-04,-3.07E-03,2.04E-03,1.91E-03,2.01E-03,2.72E-03,2.69E-03,-3.28E-03,1.58E-03
1.11E+01,-1.86E-03,9.26E-04,-2.85E-03,1.88E-03,2.43E-03,2.01E-03,2.56E-03,2.75E-03,-3.32E-03,1.61E-03
1.12E+01,-1.96E-03,1.13E-03,-2.54E-03,1.73E-03,2.87E-03,1.96E-03,2.35E-03,2.75E-03,-3.25E-03,1.73E-03
1.13E+01,-2.10E-03,1.53E-03,-1.77E-03,1.63E-03,2.52E-03,1.83E-03,2.28E-03,2.61E-03,-2.62E-03,1.61E-03
1.14E+01,-1.73E-03,1.76E-03,-1.67E-03,1.33E-03,3.31E-03,1.55E-03,1.83E-03,2.56E-03,-2.94E-03,1.85E-03
1.15E+01,-1.96E-03,2.12E-03,-1.07E-03,1.32E-03,3.24E-03,1.67E-03,1.84E-03,2.38E-03,-2.32E-03,1.93E-03
1.16E+01,-2.01E-03,2.33E-03,-9.00E-04,1.29E-03,3.41E-03,1.62E-03,1.67E-03,2.25E-03,-2.25E-03,2.17E-03
1.17E+01,-2.00E-03,2.50E-03,-6.25E-04,1.52E-03,3.61E-03,1.68E-03,1.57E-03,2.14E-03,-2.02E-03,2.41E-03
1.18E+01,-1.84E-03,2.73E-03,-2.95E-04,1.74E-03,3.37E-03,1.55E-03,1.37E-03,2.15E-03,-1.67E-03,2.49E-03
1.19E+01,-1.80E-03,2.73E-03,-3.91E-04,2.10E-03,3.82E-03,1.66E-03,1.10E-03,1.98E-03,-1.57E-03,2.80E-03
1.20E+01,-1.82E-03,2.85E-03,-2.42E-04,2.44E-03,3.29E-03,1.78E-03,1.22E-03,2.09E-03,-1.24E-03,2.90E-03
1.21E+01,-1.82E-03,3.00E-03,-3.93E-04,2.61E-03,3.42E-03,1.80E-03,1.04E-03,1.94E-03,-1.11E-03,3.31E-03
1.22E+01,-1.79E-03,2.90E-03,-2.53E-04,2.95E-03,3.27E-03,1.77E-03,9.93E-04,2.20E-03,-8.71E-04,3.26E-03
1.23E+01,-1.85E-03,3.00E-03,-1.93E-04,3.04E-03,3.20E-03,1.75E-03,9.58E-04,2.15E-03,-6.80E-04,3.39E-03
1.24E+01,-2.02E-03,3.01E-03,-1.48E-04,3.23E-03,3.17E-03,1.80E-03,9.14E-04,2.07E-03,-6.61E-04,3.49E-03
1.25E+01,-2.09E-03,3.06E-03,-3.67E-05,3.23E-03,2.64E-03,1.84E-03,1.11E-03,2.29E-03,-7.79E-04,3.37E-03
1.26E+01,-2.11E-03,3.28E-03,2.15E-04,3.16E-03,2.42E-03,1.96E-03,1.11E-03,1.96E-03,-6.20E-04,3.39E-03
1.26E+01,-2.25E-03,3.37E-03,3.17E-04,3.03E-03,2.32E-03,2.00E-03,1.27E-03,2.14E-03,-6.50E-04,3.37E-03
1.27E+01,-2.49E-03,3.56E-03,3.08E-04,2.94E-03,1.72E-03,2.14E-03,1.45E-03,1.80E-03,-1.11E-03,3.36E-03
1.28E+01,-2.56E-03,3.67E-03,3.66E-04,2.84E-03,1.30E-03,2.20E-03,1.63E-03,1.64E-03,-1.35E-03,3.30E-03
1.29E+01,-2.74E-03,3.79E-03,2.56E-04,2.63E-03,6.85E-04,2.34E-03,1.84E-03,1.49E-03,-2.02E-03,3.25E-03
1.30E+01,-2.59E-03,3.95E-03,4.95E-04,2.40E-03,4.56E-04,2.44E-03,1.97E-03,1.29E-03,-1.76E-03,3.20E-03
1.31E+01,-2.58E-03,3.94E-03,4.42E-04,2.26E-03,-3.68E-04,2.55E-03,2.26E-03,1.12E-03,-2.67E-03,3.09E-03
1.32E+01,-2.81E-03,3.98E-03,4.65E-04,2.29E-03,-1.24E-03,2.43E-03,2.49E-03,8.86E-04,-3.16E-03,2.95E-03
1.33E+01,-2.63E-03,3.90E-03,6.55E-04,2.13E-03,-1.71E-03,2.60E-03,2.71E-03,7.83E-04,-3.63E-03,2.84E-03
1.34E+01,-2.71E-03,3.83E-03,8.11E-04,1.96E-03,-2.15E-03,2.51E-03,2.92E-03,6.85E-04,-4.00E-03,2.72E-03
1.35E+01,-2.87E-03,3.75E-03,9.23E-04,1.93E-03,-2.70E-03,2.42E-03,2.97E-03,7.40E-04,-4.22E-03,2.52E-03
1.36E+01,-2.62E-03,3.32E-03,1.21E-03,1.72E-03,-2.99E-03,2.64E-03,3.17E-03,6.51E-04,-4.93E-03,2.25E-03
1.37E+01,-2.90E-03,3.26E-03,1.23E-03,1.76E-03,-3.69E-03,2.47E-03,2.98E-03,8.06E-04,-4.95E-03,1.99E-03
1.38E+01,-2.45E-03,2.81E-03,1.46E-03,1.60E-03,-3.55E-03,2.69E-03,3.16E-03,7.61E-04,-5.25E-03,1.73E-03
1.39E+01,-2.62E-03,2.73E-03,1.31E-03,1.63E-03,-3.93E-03,2.44E-03,2.86E-03,8.13E-04,-5.10E-03,1.46E-03
1.40E+01,-2.40E-03,2.43E-03,1.24E-03,1.62E-03,-4.24E-03,2.52E-03,2.54E-03,8.67E-04,-5.17E-03,1.24E-03
1.41E+01,-1.91E-03,1.87E-03,1.31E-03,1.45E-03,-4.08E-03,2.63E-03,2.48E-03,8.20E-04,-5.30E-03,1.05E-03
1.42E+01,-1.97E-03,1.85E-03,8.91E-04,1.57E-03,-4.34E-03,2.46E-03,1.86E-03,9.34E-04,-4.95E-03,9.98E-04
1.43E+01,-1.65E-03,1.12E-03,1.12E-03,1.43E-03,-4.28E-03,2.62E-03,1.86E-03,1.10E-03,-5.09E-03,9.34E-04
1.43E+01,-1.31E-03,9.77E-04,7.91E-04,1.43E-03,-4.12E-03,2.60E-03,1.13E-03,1.14E-03,-4.76E-03,1.06E-03
1.44E+01,-8.39E-04,5.02E-04,1.04E-03,1.29E-03,-3.92E-03,2.69E-03,9.19E-04,1.18E-03,-4.84E-03,1.19E-03
1.45E+01,-5.22E-04,4.34E-04,9.87E-04,1.13E-03,-3.55E-03,2.77E-03,5.90E-04,1.22E-03,-4.59E-03,1.34E-03
1.46E+01,-4.19E-04,6.19E-04,8.45E-04,1.19E-03,-3.08E-03,2.69E-03,2.12E-04,1.24E-03,-4.23E-03,1.50E-03
1.47E+01,3.14E-04,8.01E-04,1.32E-03,9.70E-04,-2.48E-03,2.82E-03,3.17E-04,1.27E-03,-4.48E-03,1.71E-03
1.48E+01,3.63E-04,8.21E-04,1.11E-03,9.11E-04,-2.21E-03,2.96E-03,-4.45E-04,1.18E-03,-4.02E-03,1.75E-03
1.49E+01,9.47E-04,1.03E-03,1.52E-03,8.21E-04,-1.63E-03,3.02E-03,-3.91E-04,1.14E-03,-4.08E-03,1.93E-03
1.50E+01,8.41E-04,1.15E-03,1.24E-03,9.47E-04,-1.13E-03,3.01E-03,-7.17E-04,1.11E-03,-3.76E-03,2.02E-03
1.51E+01,1.20E-03,1.10E-03,1.22E-03,1.03E-03,-6.14E-04,3.04E-03,-9.36E-04,1.07E-03,-3.59E-03,1.96E-03
1.52E+01,1.83E-03,1.31E-03,1.50E-03,9.43E-04,-2.21E-04,3.02E-03,-5.64E-04,9.90E-04,-3.65E-03,1.98E-03
1.53E+01,1.66E-03,1.15E-03,1.11E-03,1.09E-03,1.82E-04,3.01E-03,-9.83E-04,9.93E-04,-3.37E-03,1.78E-03
1.54E+01,1.90E-03,1.33E-03,1.36E-03,1.10E-03,1.94E-04,2.84E-03,-4.97E-04,9.33E-04,-3.20E-03,1.68E-03
1.55E+01,1.64E-03,1.25E-03,1.05E-03,1.13E-03,3.29E-04,2.82E-03,-7.47E-04,1.01E-03,-2.88E-03,1.41E-03
1.56E+01,1.81E-03,1.19E-03,1.26E-03,1.08E-03,3.94E-04,2.77E-03,-6.44E-04,1.05E-03,-2.64E-03,1.20E-03
1.57E+01,1.90E-03,1.24E-03,1.38E-03,1.10E-03,3.15E-04,2.60E-03,-4.14E-04,1.15E-03,-2.38E-03,9.57E-04
1.58E+01,1.42E-03,1.12E-03,1.23E-03,1.12E-03,3.17E-04,2.48E-03,-6.30E-04,1.38E-03,-1.93E-03,6.46E-04
1.59E+01,1.65E-03,1.10E-03,1.55E-03,1.06E-03,1.68E-04,2.35E-03,-3.54E-04,1.39E-03,-1.52E-03,4.25E-04
1.60E+01,1.21E-03,9.88E-04,1.43E-03,1.04E-03,1.89E-04,2.27E-03,-7.35E-04,1.68E-03,-1.04E-03,3.87E-04
1.60E+01,1.31E-03,8.88E-04,1.70E-03,9.51E-04,1.27E-04,2.25E-03,-8.78E-04,1.70E-03,-5.99E-04,5.36E-04
1.61E+01,1.35E-03,9.49E-04,1.85E-03,8.96E-04,5.51E-05,2.24E-03,-7.88E-04,1.81E-03,-2.33E-04,9.10E-04
1.62E+01,8.36E-04,1.04E-03,1.65E-03,8.01E-04,2.36E-06,2.12E-03,-1.12E-03,1.88E-03,3.56E-04,1.25E-03
1.63E+01,1.19E-03,1.24E-03,1.88E-03,5.80E-04,-2.71E-04,2.34E-03,-6.77E-04,1.67E-03,6.56E-04,1.49E-03
1.64E+01,8.86E-04,1.46E-03,1.83E-03,4.01E-04,-2.96E-04,2.27E-03,-9.82E-04,1.77E-03,8.99E-04,1.75E-03
1.65E+01,1.03E-03,1.68E-03,1.74E-03,2.64E-04,-5.49E-04,2.39E-03,-8.24E-04,1.54E-03,1.18E-03,1.88E-03
1.66E+01,8.50E-04,1.85E-03,1.60E-03,3.50E-04,-6.90E-04,2.24E-03,-1.08E-03,1.54E-03,1.53E-03,2.09E-03
1.67E+01,8.16E-04,2.05E-03,1.36E-03,4.59E-04,-8.97E-04,2.18E-03,-1.22E-03,1.46E-03,1.58E-03,2.19E-03
1.68E+01,1.09E-03,2.18E-03,1.16E-03,6.51E-04,-1.02E-03,2.26E-03,-8.63E-04,1.28E-03,1.60E-03,2.19E-03
1.69E+01,9.89E-04,2.30E-03,8.19E-04,8.03E-04,-1.17E-03,1.99E-03,-9.80E-04,1.33E-03,1.66E-03,2.20E-03
1.70E+01,1.38E-03,2.29E-03,6.59E-04,9.56E-04,-1.20E-03,1.96E-03,-9.56E-04,1.14E-03,1.65E-03,2.32E-03
1.71E+01,1.45E-03,2.37E-03,3.57E-04,1.06E-03,-1.38E-03,1.80E-03,-1.07E-03,1.21E-03,1.45E-03,2.32E-03
1.72E+01,1.43E-03,2.48E-03,-1.49E-04,1.06E-03,-1.46E-03,1.52E-03,-1.06E-03,1.11E-03,1.42E-03,2.34E-03
1.73E+01,1.57E-03,2.52E-03,-5.50E-04,1.15E-03,-1.41E-03,1.54E-03,-8.67E-04,1.00E-03,1.26E-03,2.48E-03
1.74E+01,1.62E-03,2.59E-03,-6.35E-04,1.19E-03,-1.57E-03,1.33E-03,-1.23E-03,1.10E-03,9.92E-04,2.47E-03
1.75E+01,1.76E-03,2.56E-03,-8.75E-04,1.19E-03,-1.54E-03,1.29E-03,-1.14E-03,8.67E-04,7.14E-04,2.81E-03
1.76E+01,1.48E-03,2.59E-03,-1.25E-03,1.15E-03,-1.75E-03,1.14E-03,-1.21E-03,9.20E-04,4.67E-04,2.72E-03
1.77E+01,1.36E-03,2.63E-03,-1.51E-03,1.17E-03,-1.71E-03,9.68E-04,-1.13E-03,7.52E-04,3.99E-04,2.94E-03
1.77E+01,1.00E-03,2.53E-03,-1.89E-03,1.15E-03,-1.75E-03,9.34E-04,-1.03E-03,7.10E-04,2.57E-04,3.04E-03
1.78E+01,8.28E-04,2.43E-03,-1.79E-03,1.11E-03,-2.17E-03,1.19E-03,-1.15E-03,7.64E-04,-7.02E-05,2.96E-03
1.79E+01,5.37E-04,2.46E-03,-2.07E-03,1.19E-03,-2.02E-03,1.15E-03,-1.07E-03,5.85E-04,5.73E-05,3.17E-03
1.80E+01,1.52E-04,2.35E-03,-2.38E-03,1.17E-03,-2.02E-03,1.36E-03,-8.61E-04,5.71E-04,-2.71E-05,3.04E-03
1.81E+01,-1.35E-04,2.40E-03,-2.31E-03,1.12E-03,-2.09E-03,1.45E-03,-1.10E-03,4.25E-04,2.31E-04,3.19E-03
1.82E+01,-5.24E-04,2.25E-03,-2.24E-03,1.04E-03,-2.14E-03,1.61E-03,-8.63E-04,4.89E-04,2.59E-04,3.19E-03
1.83E+01,-7.44E-04,2.28E-03,-2.20E-03,1.09E-03,-2.20E-03,1.76E-03,-9.28E-04,5.45E-04,4.34E-04,3.14E-03
1.84E+01,-1.11E-03,2.27E-03,-2.21E-03,1.12E-03,-1.88E-03,1.79E-03,-9.49E-04,5.96E-04,8.03E-04,3.17E-03
1.85E+01,-1.30E-03,2.22E-03,-2.15E-03,1.23E-03,-1.65E-03,1.81E-03,-7.39E-04,8.14E-04,8.35E-04,3.09E-03
1.86E+01,-1.69E-03,2.23E-03,-1.52E-03,1.21E-03,-1.79E-03,1.93E-03,-1.02E-03,8.25E-04,1.27E-03,3.16E-03
1.87E+01,-1.89E-03,2.24E-03,-1.80E-03,1.38E-03,-1.27E-03,1.82E-03,-6.94E-04,1.05E-03,1.18E-03,3.14E-03
1.88E+01,-2.26E-03,2.19E-03,-1.52E-03,1.45E-03,-1.24E-03,1.83E-03,-9.45E-04,1.19E-03,1.56E-03,3.02E-03
1.89E+01,-2.66E-03,2.24E-03,-1.79E-03,1.48E-03,-7.95E-04,1.79E-03,-8.52E-04,1.30E-03,1.49E-03,3.02E-03
1.90E+01,-2.96E-03,2.18E-03,-1.65E-03,1.61E-03,-6.21E-04,1.64E-03,-4.45E-04,1.55E-03,1.35E-03,3.06E-03
1.91E+01,-3.00E-03,2.04E-03,-1.48E-03,1.51E-03,-4.40E-04,1.70E-03,-1.02E-03,1.43E-03,1.52E-03,2.84E-03
1.92E+01,-3.36E-03,2.11E-03,-1.94E-03,1.56E-03,4.74E-05,1.46E-03,-5.36E-04,1.70E-03,9.56E-04,2.86E-03
1.93E+01,-3.57E-03,1.80E-03,-1.53E-03,1.50E-03,1.39E-04,1.46E-03,-9.00E-04,1.70E-03,1.11E-03,2.56E-03
1.94E+01,-3.76E-03,1.90E-03,-1.97E-03,1.43E-03,6.07E-04,1.28E-03,-5.35E-04,1.73E-03,5.16E-04,2.62E-03
1.94E+01,-3.91E-03,1.66E-03,-1.37E-03,1.41E-03,6.42E-04,1.14E-03,-3.57E-04,1.86E-03,3.45E-04,2.59E-03
1.95E+01,-4.10E-03,1.48E-03,-1.50E-03,1.29E-03,8.84E-04,1.10E-03,-6.48E-04,1.74E-03,2.31E-04,2.37E-03
1.96E+01,-4.38E-03,1.70E-03,-1.81E-03,1.24E-03,1.19E-03,1.06E-03,-4.04E-04,1.81E-03,-4.09E-04,2.38E-03
1.97E+01,-4.28E-03,1.22E-03,-1.07E-03,1.19E-03,1.26E-03,8.39E-04,-7.91E-04,1.79E-03,-4.19E-04,2.07E-03
1.98E+01,-4.40E-03,1.42E-03,-1.04E-03,1.19E-03,1.39E-03,8.37E-04,-3.10E-04,1.82E-03,-1.05E-03,2.14E-03
1.99E+01,-4.63E-03,1.21E-03,-8.91E-04,1.32E-03,1.39E-03,8.19E-04,-6.31E-04,1.87E-03,-1.40E-03,1.87E-03
2.00E+01,-4.77E-03,1.24E-03,-8.47E-04,1.47E-03,1.38E-03,7.51E-04,-5.40E-04,1.84E-03,-1.74E-03,1.80E-03
2.01E+01,-4.96E-03,1.40E-03,-1.06E-03,1.66E-03,1.18E-03,8.69E-04,-4.44E-04,1.96E-03,-2.20E-03,1.89E-03
2.02E+01,-4.63E-03,1.41E-03,-4.54E-04,1.84E-03,1.14E-03,7.23E-04,-4.26E-04,1.88E-03,-2.31E-03,1.65E-03
2.03E+01,-4.83E-03,1.57E-03,-7.21E-04,2.01E-03,8.48E-04,7.78E-04,-2.03E-04,1.87E-03,-2.81E-03,1.86E-03
2.04E+01,-4.72E-03,1.80E-03,-4.44E-04,2.11E-03,6.13E-04,7.37E-04,-3.94E-04,1.90E-03,-2.87E-03,1.77E-03
2.05E+01,-4.57E-03,1.96E-03,-1.84E-04,2.20E-03,3.11E-04,6.40E-04,-2.16E-04,1.86E-03,-2.95E-03,1.88E-03
2.06E+01,-4.32E-03,2.11E-03,2.41E-04,2.33E-03,-2.14E-05,5.84E-04,-2.13E-04,1.94E-03,-2.96E-03,1.94E-03
2.07E+01,-3.90E-03,2.42E-03,5.03E-04,2.25E-03,-2.82E-04,5.68E-04,-2.41E-04,1.83E-03,-2.47E-03,1.87E-03
2.08E+01,-3.38E-03,2.44E-03,7.82E-04,2.27E-03,-6.90E-04,3.73E-04,-4.42E-04,1.80E-03,-2.42E-03,1.99E-03
2.09E+01,-3.14E-03,2.77E-03,9.90E-04,2.12E-03,-6.83E-04,4.61E-04,-4.33E-04,1.70E-03,-1.99E-03,1.88E-03
2.10E+01,-2.61E-03,2.70E-03,1.40E-03,2.25E-03,-1.20E-03,2.64E-04,-6.32E-04,1.67E-03,-1.58E-03,1.96E-03
2.11E+01,-2.27E-03,2.85E-03,1.72E-03,2.19E-03,-1.25E-03,2.98E-04,-6.82E-04,1.54E-03,-1.14E-03,1.98E-03
2.11E+01,-1.79E-03,3.00E-03,1.63E-03,2.12E-03,-1.56E-03,5.05E-04,-9.04E-04,1.41E-03,-6.41E-04,2.01E-03
2.12E+01,-1.09E-03,2.98E-03,1.59E-03,2.14E-03,-1.88E-03,5.78E-04,-1.28E-03,1.37E-03,-2.03E-04,2.08E-03
2.13E+01,-8.12E-04,3.24E-03,1.38E-03,2.02E-03,-1.75E-03,6.64E-04,-1.38E-03,1.28E-03,5.74E-05,1.95E-03
2.14E+01,-5.12E-04,2.95E-03,1.85E-03,2.23E-03,-1.91E-03,7.50E-04,-1.67E-03,1.14E-03,5.06E-04,2.20E-03
2.15E+01,-2.94E-04,3.17E-03,1.55E-03,2.11E-03,-1.74E-03,8.13E-04,-1.73E-03,1.08E-03,8.03E-04,2.13E-03
2.16E+01,7.99E-05,3.08E-03,1.24E-03,2.25E-03,-1.93E-03,9.07E-04,-1.95E-03,1.13E-03,1.17E-03,2.04E-03
2.17E+01,3.52E-04,2.91E-03,1.23E-03,2.32E-03,-1.91E-03,8.73E-04,-2.14E-03,1.08E-03,1.41E-03,2.20E-03
2.18E+01,3.35E-04,2.98E-03,1.17E-03,2.44E-03,-1.51E-03,7.86E-04,-2.05E-03,1.36E-03,1.51E-03,1.99E-03
2.19E+01,5.36E-04,2.69E-03,9.95E-04,2.47E-03,-1.61E-03,8.61E-04,-2.13E-03,1.32E-03,1.87E-03,2.16E-03
2.20E+01,5.30E-04,2.86E-03,7.96E-04,2.40E-03,-1.31E-03,6.89E-04,-2.00E-03,1.65E-03,1.82E-03,1.98E-03
2.21E+01,5.26E-04,2.62E-03,7.15E-04,2.39E-03,-1.27E-03,6.71E-04,-1.94E-03,1.72E-03,2.05E-03,2.09E-03
2.22E+01,4.08E-04,2.48E-03,6.45E-04,2.41E-03,-8.60E-04,5.58E-04,-1.88E-03,1.76E-03,1.82E-03,2.09E-03
2.23E+01,2.42E-04,2.47E-03,5.13E-04,2.36E-03,-6.96E-04,4.04E-04,-1.61E-03,1.97E-03,1.73E-03,2.07E-03
2.24E+01,2.59E-04,2.29E-03,7.83E-05,2.24E-03,-7.69E-04,5.07E-04,-1.71E-03,1.82E-03,1.80E-03,2.20E-03
2.25E+01,6.56E-05,2.37E-03,-6.65E-05,2.17E-03,-3.03E-04,3.17E-04,-1.42E-03,2.01E-03,1.42E-03,2.12E-03
2.26E+01,-2.14E-04,2.16E-03,-1.66E-04,2.08E-03,-2.20E-04,3.85E-04,-1.44E-03,1.82E-03,1.31E-03,2.23E-03
2.27E+01,-4.04E-04,2.06E-03,-4.35E-04,2.07E-03,-1.89E-05,4.43E-04,-1.52E-03,1.75E-03,1.02E-03,2.18E-03
2.28E+01,-6.80E-04,1.94E-03,-5.04E-04,1.93E-03,1.59E-04,5.79E-04,-1.35E-03,1.66E-03,8.38E-04,2.28E-03
2.28E+01,-9.33E-04,1.83E-03,-7.76E-04,1.79E-03,1.41E-04,4.95E-04,-1.46E-03,1.56E-03,9.18E-04,2.18E-03
2.29E+01,-1.16E-03,1.74E-03,-7.53E-04,1.76E-03,5.94E-04,8.98E-04,-1.26E-03,1.55E-03,6.59E-04,2.16E-03
2.30E+01,-1.57E-03,1.48E-03,-7.43E-04,1.73E-03,2.88E-04,9.55E-04,-1.51E-03,1.34E-03,5.35E-04,2.07E-03
2.31E+01,-1.57E-03,1.34E-03,-1.05E-03,1.62E-03,7.28E-04,1.05E-03,-1.32E-03,1.36E-03,6.42E-04,1.92E-03
2.32E+01,-1.94E-03,1.25E-03,-1.03E-03,1.44E-03,5.43E-04,9.31E-04,-1.35E-03,1.24E-03,7.13E-04,1.85E-03
2.33E+01,-1.97E-03,1.16E-03,-1.19E-03,1.43E-03,5.07E-04,8.98E-04,-1.44E-03,1.14E-03,8.56E-04,1.64E-03
2.34E+01,-2.01E-03,1.07E-03,-1.30E-03,1.52E-03,8.59E-04,1.09E-03,-1.36E-03,9.23E-04,5.43E-04,1.53E-03
2.35E+01,-2.09E-03,9.98E-04,-1.45E-03,1.44E-03,4.70E-04,8.66E-04,-1.47E-03,7.43E-04,5.80E-04,1.44E-03
2.36E+01,-1.91E-03,8.49E-04,-1.81E-03,1.78E-03,6.86E-04,1.06E-03,-1.17E-03,5.90E-04,5.12E-04,1.25E-03
2.37E+01,-2.05E-03,8.02E-04,-1.77E-03,1.74E-03,4.87E-04,7.63E-04,-1.26E-03,4.43E-04,6.02E-04,1.16E-03
2.38E+01,-1.54E-03,8.05E-04,-2.13E-03,1.86E-03,6.49E-04,9.68E-04,-1.32E-03,4.01E-04,4.18E-04,1.06E-03
2.39E+01,-1.32E-03,7.29E-04,-2.20E-03,1.97E-03,5.93E-04,9.35E-04,-1.08E-03,5.25E-04,3.94E-04,1.10E-03
2.40E+01,-1.34E-03,7.36E-04,-2.26E-03,2.04E-03,3.56E-04,9.31E-04,-9.60E-04,6.94E-04,5.66E-04,1.09E-03
2.41E+01,-6.29E-04,6.61E-04,-2.73E-03,2.28E-03,4.78E-04,1.24E-03,-5.52E-04,9.13E-04,5.76E-04,1.21E-03
2.42E+01,-7.41E-04,6.64E-04,-2.65E-03,2.21E-03,3.06E-04,1.22E-03,-5.02E-04,1.12E-03,6.49E-04,1.21E-03
2.43E+01,-1.77E-04,6.83E-04,-3.04E-03,2.31E-03,3.58E-04,1.47E-03,-3.86E-04,1.43E-03,6.26E-04,1.41E-03
2.44E+01,-2.03E-05,6.55E-04,-3.08E-03,2.37E-03,3.46E-04,1.55E-03,-3.38E-05,1.68E-03,8.72E-04,1.50E-03
2.44E+01,8.36E-05,6.87E-04,-3.21E-03,2.33E-03,1.80E-04,1.69E-03,-1.81E-05,1.93E-03,8.67E-04,1.55E-03
2.45E+01,7.69E-04,5.13E-04,-3.63E-03,2.38E-03,3.96E-04,1.77E-03,1.97E-04,2.10E-03,1.07E-03,1.82E-03
2.46E+01,6.43E-04,6.70E-04,-3.71E-03,2.27E-03,2.87E-04,1.90E-03,1.57E-04,2.33E-03,9.53E-04,1.87E-03
